"Groep","Code","Beschrijving","Level","Toelichting","Prompt_Template","Item_Count","Option_Count","Strategy_Tags","Context","Difficulty_Mix","Text_Length","Feedback_Type"
"1","1MM1","Kennismaken met de klas","E","Kennismaken met klasgenoten en leerkracht","Genereer 10 oefeningen voor Groep 1 (eind schooljaar). Kerndoel: O1 en O2 (Kerndoelen 37-38: Identiteit en Sociale redzaamheid). Inhoudslijn: Ori?ntatie - Mens en Maatschappij - Identiteit en sociale ontwikkeling. Leerdoel (1MM1): Kennismaken met klasgenoten en leerkracht, jezelf voorstellen. Niveau: E (eind groep 1). Gebruik grote kleurrijke foto's en tekeningen van kinderen in de klas. Speelse context: kring, vriendjeskwartet, naambordjes. Vraagtypen: Wie is dit? (foto klasgenoot), Wat vind je leuk om te doen?, Wie is de juf/meester?, Met wie speel je graag?, Hoe heet dit kindje?. Format: visueel met 4 grote keuze-afbeeldingen per vraag, met ondersteuning van de leerkracht die de vragen voorleest. Interactief en speels. Algemene instructies: gebruik SLO kerndoelen/inhoudslijn; CITO-voorbereidend vraagvorm (2-3 visuele of woordopties, 1 correct); context herkenbaar (spel, klas, thuis); noteer per item: vraag, antwoordopties, juiste antwoord, 1 zin feedback.","10","3","","","E","","kort"
"1","1MM2","Regels en afspraken","E","Klassenregels leren en respecteren","Genereer 10 oefeningen voor Groep 1 (eind schooljaar). Kerndoel: O2 en O3 (Kerndoelen 38-39: Sociale redzaamheid en Politiek-Democratie basisregels). Inhoudslijn: Ori?ntatie - Mens en Maatschappij - Sociale redzaamheid en klassenregels. Leerdoel (1MM2): Klassenregels leren kennen en respecteren, begrijpen waarom regels belangrijk zijn. Niveau: E (eind groep 1). Gebruik grote duidelijke plaatjes van concrete klassensituaties (in de kring zitten, opruimen, fluisteren in de bieb, handen wassen). Vraagtypen: Mag dit wel of niet?, Wat doe je als je naar de wc moet?, Is dit een goede keuze?, Hoe luister je naar de juf/meester?, Wat doe je na het spelen?. Format: visuele situatieplaatjes met 4 antwoordopties (afbeeldingen met duim omhoog/omlaag of smileys). Met begeleiding van de leerkracht. Algemene instructies: gebruik SLO kerndoelen/inhoudslijn; CITO-voorbereidend vraagvorm (2-3 visuele of woordopties, 1 correct); context herkenbaar (spel, klas, thuis); noteer per item: vraag, antwoordopties, juiste antwoord, 1 zin feedback.","10","3","","","E","","kort"
"2","2MM1","Samenwerken","M","Samenwerken in tweetallen en kleine groepjes","Genereer 10 oefeningen voor Groep 2 (midden schooljaar). Kerndoel: O2 (Kerndoel 38: Sociale redzaamheid). Inhoudslijn: Ori?ntatie - Mens en Maatschappij - Sociale redzaamheid en samenwerken. Leerdoel (2MM1): Samenwerken in tweetallen en kleine groepjes, elkaar helpen. Niveau: M (midden groep 2). Gebruik plaatjes van speelsituaties (bouwen met blokken, puzzelen samen, opruimen, knutselen). Vraagtypen: Hoe help je een ander?, Wat doe je als jullie samen spelen?, Hoe neem je beurten?, Wat doe je als iemand jouw hulp nodig heeft?, Hoe maak je samen iets?. Format: visuele situatieschetsen met 4 antwoordopties (afbeeldingen van verschillende reacties). Spelend leren, met begeleiding waar nodig. Algemene instructies: gebruik SLO kerndoelen/inhoudslijn; CITO-voorbereidend vraagvorm (2-3 visuele of woordopties, 1 correct); context herkenbaar (spel, klas, thuis); noteer per item: vraag, antwoordopties, juiste antwoord, 1 zin feedback.","10","3","","","E","","kort"
"2","2MM2","Gevoelens herkennen","M","Eigen gevoelens en die van anderen herkennen","Genereer 10 oefeningen voor Groep 2 (midden schooljaar). Kerndoel: O1 en O2 (Kerndoelen 37-38: Identiteit en Sociale redzaamheid). Inhoudslijn: Ori?ntatie - Mens en Maatschappij - Identiteit en emotionele ontwikkeling. Leerdoel (2MM2): Eigen gevoelens en die van anderen herkennen en benoemen. Niveau: M (midden groep 2). Gebruik grote foto's en tekeningen van gezichten met duidelijke emoties (blij, verdrietig, boos, bang, trots, verrast). Gebruik emotiekaarten en gevoelsmeter. Vraagtypen: Welk gevoel heeft dit kind?, Hoe voelt deze persoon zich?, Wat zie je aan het gezicht?, Ben je blij of verdrietig?, Wanneer voel jij je zo?. Format: visueel met 4 emotie-opties per vraag (afbeeldingen van emoties met labels). Interactief met emotie-herkenningsspel. Algemene instructies: gebruik SLO kerndoelen/inhoudslijn; CITO-voorbereidend vraagvorm (2-3 visuele of woordopties, 1 correct); context herkenbaar (spel, klas, thuis); noteer per item: vraag, antwoordopties, juiste antwoord, 1 zin feedback.","10","3","","","E","","kort"
"2","2MM3","Conflict oplossen","E","Eenvoudige conflicten oplossen met hulp","Genereer 10 oefeningen voor Groep 2 (eind schooljaar). Kerndoel: O2 (Kerndoel 38: Sociale redzaamheid). Inhoudslijn: Ori?ntatie - Mens en Maatschappij - Sociale redzaamheid en conflictoplossing. Leerdoel (2MM3): Eenvoudige conflicten oplossen met hulp van de leerkracht, sorry zeggen. Niveau: E (eind groep 2). Gebruik situatieplaatjes van herkenbare ruzies (speelgoed niet delen, duwen, ruzie om een plaats). Vraagtypen: Wat doe je als je ruzie hebt?, Wie kan jou helpen?, Hoe zeg je sorry?, Wat doe je als iemand boos is?, Hoe lossen jullie dit samen op?. Format: visuele conflictsituaties met 4 oplossingsopties (afbeeldingen van verschillende reacties zoals wegrennen, hulp vragen, praten, sorry zeggen). Met stappenplan: stop-denk-doe. Algemene instructies: gebruik SLO kerndoelen/inhoudslijn; CITO-voorbereidend vraagvorm (2-3 visuele of woordopties, 1 correct); context herkenbaar (spel, klas, thuis); noteer per item: vraag, antwoordopties, juiste antwoord, 1 zin feedback.","10","3","","","E","","kort"
"3","3MM1","Omgaan met verschillen","M","Respectvol omgaan met verschillen tussen mensen","Genereer 10 oefeningen voor Groep 3 (midden schooljaar). Kerndoel: O1, O2 en O4 (Kerndoelen 37, 38 en 40: Identiteit, Sociale redzaamheid en Cultureel erfgoed). Inhoudslijn: Ori?ntatie - Mens en Maatschappij - Culturele diversiteit en respect. Leerdoel (3MM1): Respectvol omgaan met verschillen tussen mensen, iedereen is uniek. Niveau: M (midden groep 3). Gebruik verhalen en situaties over verschillen in uiterlijk, achtergrond, taal, familie, hobby's. Context: multiculturele Nederlandse klas. Vraagtypen: Waarom zijn mensen verschillend?, Wat maakt jou uniek?, Hoe toon je respect voor verschillen?, Wat is hetzelfde bij alle mensen?, Hoe help je iemand die anders is?. Format: 10 meerkeuzevragen met 4 antwoordopties, CITO-stijl. Gebruik concrete klassituaties en diversiteit in de school. Algemene instructies: veranker in SLO kerndoelen/inhoudslijn; CITO-stijl meerkeuze (4 opties: 1 correct, 3 plausibele afleiders); mix M/E-niveau binnen groep; noteer per item: vraag, antwoordopties, juiste antwoord, korte feedback/strategie.","10","4","","","M/E mix","","kort"
"3","3MM2","Vriendschap","M","Betekenis van vriendschap en respect","Genereer 10 oefeningen voor Groep 3 (midden schooljaar). Kerndoel: O2 (Kerndoel 38: Sociale redzaamheid). Inhoudslijn: Ori?ntatie - Mens en Maatschappij - Sociale relaties en vriendschap. Leerdoel (3MM2): Begrijpen wat vriendschap betekent en hoe je een goede vriend bent. Niveau: M (midden groep 3). Gebruik korte verhalen en herkenbare schoolsituaties (op het plein, in de klas, samen spelen). Vraagtypen: Wat doet een goede vriend?, Hoe ben je aardig voor elkaar?, Wat doe je als je vriend verdrietig is?, Hoe vraag je of je mee mag spelen?, Waarom is vriendschap belangrijk?. Format: 10 meerkeuzevragen met 4 antwoordopties, CITO-stijl. Gebruik concrete vriendschapssituaties en sociaal-emotionele dilemma's. Algemene instructies: veranker in SLO kerndoelen/inhoudslijn; CITO-stijl meerkeuze (4 opties: 1 correct, 3 plausibele afleiders); mix M/E-niveau binnen groep; noteer per item: vraag, antwoordopties, juiste antwoord, korte feedback/strategie.","10","4","","","M/E mix","","kort"
"3","3MM3","Democratie basis","E","Samen beslissen, stemmen in de klas","Genereer 10 oefeningen voor Groep 3 (eind schooljaar). Kerndoel: O3 (Kerndoel 39: Politiek-Democratie). Inhoudslijn: Ori?ntatie - Mens en Maatschappij - Democratie en besluitvorming. Leerdoel (3MM3): Samen beslissen door te stemmen, begrijpen wat meerderheid betekent. Niveau: E (eind groep 3). Gebruik concrete klassituaties (klassenraad, kiezen van een spel, beslissen over uitje). Vraagtypen: Hoe stemmen we in de klas?, Wat betekent meerderheid?, Waarom mag iedereen meepraten?, Wat doe je als je verliest met stemmen?, Hoe nemen we samen een besluit?. Format: 10 meerkeuzevragen met 4 antwoordopties, CITO-stijl. Gebruik herkenbare democratische situaties zoals klassenraad en gezamenlijke keuzes. Algemene instructies: veranker in SLO kerndoelen/inhoudslijn; CITO-stijl meerkeuze (4 opties: 1 correct, 3 plausibele afleiders); mix M/E-niveau binnen groep; noteer per item: vraag, antwoordopties, juiste antwoord, korte feedback/strategie.","10","4","","","M/E mix","","kort"
"3","3MM4","Eigen identiteit","E","Nadenken over wie je bent en wat je belangrijk vindt","Genereer 10 oefeningen voor Groep 3 (eind schooljaar). Kerndoel: O1 (Kerndoel 37: Identiteit). Inhoudslijn: Ori?ntatie - Mens en Maatschappij - Identiteitsontwikkeling. Leerdoel (3MM4): Nadenken over wie je bent, wat je belangrijk vindt en wat jou bijzonder maakt. Niveau: E (eind groep 3). Gebruik zelfreflectievragen over interesses, talenten, familie, cultuur, hobby's. Vraagtypen: Wat vind jij belangrijk in het leven?, Waar ben je goed in?, Wat maakt jou bijzonder?, Wie zijn belangrijk voor jou?, Wat wil je later worden?. Format: 10 meerkeuzevragen met 4 antwoordopties, CITO-stijl. Gebruik concrete voorbeelden en persoonlijke reflectie. Optioneel: maak een 'ik-boekje' of stamboom. Algemene instructies: veranker in SLO kerndoelen/inhoudslijn; CITO-stijl meerkeuze (4 opties: 1 correct, 3 plausibele afleiders); mix M/E-niveau binnen groep; noteer per item: vraag, antwoordopties, juiste antwoord, korte feedback/strategie.","10","4","","","M/E mix","","kort"
"4","4MM1","Sociale redzaamheid","M","Jezelf redden in sociale situaties","Genereer 10 oefeningen voor Groep 4 (midden schooljaar). Kerndoel: O2 (Kerndoel 38: Sociale redzaamheid). Inhoudslijn: Ori?ntatie - Mens en Maatschappij - Sociale vaardigheden en weerbaarheid. Leerdoel (4MM1): Jezelf redden in sociale situaties, grenzen aangeven, hulp vragen. Niveau: M (midden groep 4). Gebruik realistische dilemma's (op straat, bij vrienden, in de winkel, op school). Vraagtypen: Wat doe je als je hulp nodig hebt?, Hoe zeg je 'nee'?, Hoe kom je voor jezelf op?, Wat doe je bij onveilig gevoel?, Wie kun je vertrouwen?. Format: 10 meerkeuzevragen met 4 antwoordopties, CITO-stijl. Gebruik concrete sociale dilemma's over grenzen, weerbaarheid en hulp zoeken. Veiligheidsthema's altersgeschikt. Algemene instructies: veranker in SLO kerndoelen/inhoudslijn; CITO-stijl meerkeuze (4 opties: 1 correct, 3 plausibele afleiders); mix M/E-niveau binnen groep; noteer per item: vraag, antwoordopties, juiste antwoord, korte feedback/strategie.","10","4","","","M/E mix","","kort"
"4","4MM2","Normen en waarden","M","Normen en waarden herkennen en benoemen","Genereer 10 oefeningen voor Groep 4 (midden schooljaar). Kerndoel: O2 (Kerndoel 38: Sociale redzaamheid). Inhoudslijn: Ori?ntatie - Mens en Maatschappij - Normen, waarden en ethiek. Leerdoel (4MM2): Belangrijke normen en waarden herkennen zoals eerlijkheid, respect, verantwoordelijkheid. Niveau: M (midden groep 4). Gebruik concrete situaties uit het dagelijks leven (school, thuis, sport, vrienden). Vraagtypen: Wat is eerlijk gedrag?, Hoe toon je respect?, Wat betekent verantwoordelijkheid?, Is dit eerlijk of oneerlijk?, Wat is de goede keuze?. Format: 10 meerkeuzevragen met 4 antwoordopties, CITO-stijl. Gebruik morele dilemma's passend bij leeftijd. Koppel aan Nederlandse waarden. Algemene instructies: veranker in SLO kerndoelen/inhoudslijn; CITO-stijl meerkeuze (4 opties: 1 correct, 3 plausibele afleiders); mix M/E-niveau binnen groep; noteer per item: vraag, antwoordopties, juiste antwoord, korte feedback/strategie.","10","4","","","M/E mix","","kort"
"4","4MM3","Rechten en plichten","E","Kinderrechten kennen en eigen plichten","Genereer 10 oefeningen voor Groep 4 (eind schooljaar). Kerndoel: O2 en O3 (Kerndoelen 38-39: Sociale redzaamheid en Politiek-Democratie). Inhoudslijn: Ori?ntatie - Mens en Maatschappij - Kinderrechten en burgerschapsplichten. Leerdoel (4MM3): De belangrijkste kinderrechten kennen (VN Kinderrechtenverdrag) en eigen plichten begrijpen. Niveau: E (eind groep 4). Gebruik concrete voorbeelden van kinderrechten. Vraagtypen: Welk recht is dit?, Waarom heb je recht op onderwijs?, Wat is je plicht op school?, Hoe zorg je voor een veilige omgeving?, Wat zijn jouw verantwoordelijkheden?. Format: 10 meerkeuzevragen met 4 antwoordopties, CITO-stijl. Noem specifieke kinderrechten: onderwijs, gezondheidszorg, spelen, veiligheid, mening uiten. Koppel rechten aan plichten. Algemene instructies: veranker in SLO kerndoelen/inhoudslijn; CITO-stijl meerkeuze (4 opties: 1 correct, 3 plausibele afleiders); mix M/E-niveau binnen groep; noteer per item: vraag, antwoordopties, juiste antwoord, korte feedback/strategie.","10","4","","","M/E mix","","kort"
"4","4MM4","Burgerschap basis","E","Lid zijn van de schoolgemeenschap","Genereer 10 oefeningen voor Groep 4 (eind schooljaar). Kerndoel: O2 en O3 (Kerndoelen 38-39: Sociale redzaamheid en Politiek-Democratie). Inhoudslijn: Ori?ntatie - Mens en Maatschappij - Burgerschap en gemeenschapszin. Leerdoel (4MM4): Begrijpen wat het betekent om lid te zijn van de schoolgemeenschap en bij te dragen. Niveau: E (eind groep 4). Gebruik voorbeelden van school, klas, buurt als gemeenschappen. Vraagtypen: Wat is een gemeenschap?, Hoe draag jij bij aan de klas?, Waarom is samenwerken belangrijk?, Wat maakt de school tot een gemeenschap?, Hoe help je elkaar?. Format: 10 meerkeuzevragen met 4 antwoordopties, CITO-stijl. Gebruik concrete voorbeelden van gemeenschapstaken: klassenraad, opruimen, elkaar helpen, schoolregels naleven. Algemene instructies: veranker in SLO kerndoelen/inhoudslijn; CITO-stijl meerkeuze (4 opties: 1 correct, 3 plausibele afleiders); mix M/E-niveau binnen groep; noteer per item: vraag, antwoordopties, juiste antwoord, korte feedback/strategie.","10","4","","","M/E mix","","kort"
"5","5MM1","Mediawijsheid","M","Veilig internetgebruik en privacy","Genereer 10 oefeningen voor Groep 5 (midden schooljaar). Kerndoel: O2 (Kerndoel 38: Sociale redzaamheid). Inhoudslijn: Ori?ntatie - Mens en Maatschappij - Mediawijsheid en digitale geletterdheid. Leerdoel (5MM1): Veilig omgaan met internet, privacy beschermen, verantwoord online gedrag. Niveau: M (midden groep 5). Gebruik concrete online situaties (social media, gaming, websites, apps). Vraagtypen: Hoe bescherm je je privacy online?, Wat is een veilig wachtwoord?, Wat deel je niet op internet?, Hoe herken je betrouwbare websites?, Wat doe je bij cyberpesten?. Format: 10 meerkeuzevragen met 4 antwoordopties, CITO-stijl. Gebruik actuele digitale situaties: wachtwoorden, persoonlijke gegevens, vriendschapsverzoeken, foto's delen, gaming-regels. Algemene instructies: veranker in SLO kerndoelen/inhoudslijn; CITO-stijl meerkeuze (4 opties: 1 correct, 3 plausibele afleiders); mix M/E-niveau binnen groep; noteer per item: vraag, antwoordopties, juiste antwoord, korte feedback/strategie.","10","4","","","M/E mix","","kort"
"5","5MM2","Pesten herkennen","M","Pesten herkennen en signaleren","Genereer 10 oefeningen voor Groep 5 (midden schooljaar). Kerndoel: O2 (Kerndoel 38: Sociale redzaamheid). Inhoudslijn: Ori?ntatie - Mens en Maatschappij - Sociale veiligheid en anti-pestbeleid. Leerdoel (5MM2): Pesten herkennen, het verschil met plagen kennen, signaleren en actie ondernemen. Niveau: M (midden groep 5). Gebruik herkenbare pestsituaties (fysiek, verbaal, online/cyberpesten, buitensluiten). Vraagtypen: Wat is pesten?, Wat is het verschil tussen plagen en pesten?, Wat doe je als je pesten ziet?, Bij wie zoek je hulp?, Hoe stop je pesten?, Wat is cyberpesten?. Format: 10 meerkeuzevragen met 4 antwoordopties, CITO-stijl. Gebruik KiVa-methodiek principes. Geef concrete actiestrategie?n. Algemene instructies: veranker in SLO kerndoelen/inhoudslijn; CITO-stijl meerkeuze (4 opties: 1 correct, 3 plausibele afleiders); mix M/E-niveau binnen groep; noteer per item: vraag, antwoordopties, juiste antwoord, korte feedback/strategie.","10","4","","","M/E mix","","kort"
"5","5MM3","Gemeenteraad","E","Hoe werkt een gemeenteraad?","Genereer 10 oefeningen voor Groep 5 (eind schooljaar). Kerndoel: O3 (Kerndoel 39: Politiek-Democratie). Inhoudslijn: Ori?ntatie - Mens en Maatschappij - Lokale politiek en democratie. Leerdoel (5MM3): Begrijpen hoe een gemeenteraad werkt en welke rol de burgemeester heeft. Niveau: E (eind groep 5). Gebruik concrete voorbeelden van lokaal bestuur (gemeenteraad, wethouders, burgemeester, gemeenteraadsverkiezingen). Vraagtypen: Wie zitten er in de gemeenteraad?, Wat doet een gemeenteraad?, Wat is de rol van de burgemeester?, Hoe worden raadsleden gekozen?, Welke besluiten neemt de gemeente?, Wat doet een wethouder?. Format: 10 meerkeuzevragen met 4 antwoordopties, CITO-stijl. Gebruik herkenbare gemeentelijke onderwerpen: speeltuinen, verkeer, scholen, afval. Algemene instructies: veranker in SLO kerndoelen/inhoudslijn; CITO-stijl meerkeuze (4 opties: 1 correct, 3 plausibele afleiders); mix M/E-niveau binnen groep; noteer per item: vraag, antwoordopties, juiste antwoord, korte feedback/strategie.","10","4","","","M/E mix","","kort"
"5","5MM4","Culturele diversiteit","E","Verschillende culturen en achtergronden respecteren","Genereer 10 oefeningen voor Groep 5 (eind schooljaar). Kerndoel: O1 en O4 (Kerndoelen 37 en 40: Identiteit en Cultureel erfgoed). Inhoudslijn: Ori?ntatie - Mens en Maatschappij - Culturele diversiteit en intercultureel respect. Leerdoel (5MM4): Verschillende culturen, tradities en achtergronden kennen en respecteren in multicultureel Nederland. Niveau: E (eind groep 5). Gebruik voorbeelden van culturen in Nederland (Turks, Marokkaans, Surinaams, Nederlands, etc.), religieuze feesten, tradities. Vraagtypen: Welke culturen leven in Nederland?, Wat zijn verschillende tradities?, Waarom vieren mensen verschillende feesten?, Hoe toon je respect voor andere culturen?, Wat is cultureel erfgoed?, Wat hebben culturen gemeen?. Format: 10 meerkeuzevragen met 4 antwoordopties, CITO-stijl. Balanceer Nederlandse identiteit en multiculturele samenleving. Algemene instructies: veranker in SLO kerndoelen/inhoudslijn; CITO-stijl meerkeuze (4 opties: 1 correct, 3 plausibele afleiders); mix M/E-niveau binnen groep; noteer per item: vraag, antwoordopties, juiste antwoord, korte feedback/strategie.","10","4","","","M/E mix","","kort"
"6","6MM1","Tweede Kamer","M","Hoe werkt de Tweede Kamer?","Genereer 10 oefeningen voor Groep 6 (midden schooljaar). Kerndoel: O3 (Kerndoel 39: Politiek-Democratie). Inhoudslijn: Ori?ntatie - Mens en Maatschappij - Nederlandse politiek en parlement. Leerdoel (6MM1): Begrijpen hoe de Tweede Kamer werkt als hart van de Nederlandse democratie. Niveau: M (midden groep 6). Gebruik concrete voorbeelden van het Nederlandse parlementaire systeem. Vraagtypen: Wat doet de Tweede Kamer?, Hoeveel zetels zijn er in de Tweede Kamer? (150), Wie is de minister-president?, Hoe worden wetten gemaakt?, Wat doen Kamerleden?, Wat is het verschil tussen Eerste en Tweede Kamer?. Format: 10 meerkeuzevragen met 4 antwoordopties, CITO-stijl. Gebruik actuele voorbeelden van debatten, stemmingen, wetgeving. Leg uit: Binnenhof, plenaire zaal, fracties. Algemene instructies: veranker in SLO kerndoelen/inhoudslijn; CITO-stijl meerkeuze (4 opties: 1 correct, 3 plausibele afleiders); mix M/E-niveau binnen groep; noteer per item: vraag, antwoordopties, juiste antwoord, korte feedback/strategie.","10","4","","","M/E mix","","kort"
"6","6MM2","Democratisch besluitvorming","M","Democratisch besluitvorming begrijpen","Genereer 10 oefeningen voor Groep 6 (midden schooljaar). Kerndoel: O3 (Kerndoel 39: Politiek-Democratie). Inhoudslijn: Ori?ntatie - Mens en Maatschappij - Democratie en participatie. Leerdoel (6MM2): Begrijpen hoe democratische besluitvorming werkt en waarom dit belangrijk is. Niveau: M (midden groep 6). Gebruik voorbeelden van democratische processen (verkiezingen, referenda, inspraak, petities). Vraagtypen: Wat betekent democratie?, Vanaf welke leeftijd mag je stemmen in Nederland? (18 jaar), Wat is een meerderheidsbesluit?, Hoe werken verkiezingen?, Waarom is inspraak belangrijk?, Wat is het verschil tussen democratie en dictatuur?. Format: 10 meerkeuzevragen met 4 antwoordopties, CITO-stijl. Gebruik concrete voorbeelden van democratie in actie: Tweede Kamerverkiezingen, gemeenteraadsverkiezingen, burgerinitiatief. Algemene instructies: veranker in SLO kerndoelen/inhoudslijn; CITO-stijl meerkeuze (4 opties: 1 correct, 3 plausibele afleiders); mix M/E-niveau binnen groep; noteer per item: vraag, antwoordopties, juiste antwoord, korte feedback/strategie.","10","4","","","M/E mix","","kort"
"6","6MM3","Maatschappelijke organisaties","E","Rol van scholen, ziekenhuizen, politie, brandweer","Genereer 10 oefeningen voor Groep 6 (eind schooljaar). Kerndoel: O2 en O3 (Kerndoelen 38-39: Sociale redzaamheid en Politiek-Democratie). Inhoudslijn: Ori?ntatie - Mens en Maatschappij - Maatschappelijke instellingen en voorzieningen. Leerdoel (6MM3): De rol en functie begrijpen van belangrijke maatschappelijke organisaties in Nederland. Niveau: E (eind groep 6). Gebruik concrete voorbeelden van Nederlandse instellingen. Vraagtypen: Wat doet de politie?, Waarvoor dient een ziekenhuis?, Waarom is onderwijs verplicht?, Wat doet de brandweer?, Wat zijn hulpdiensten (112)?, Wat doet een bibliotheek?, Wat is de rol van het gemeentehuis?. Format: 10 meerkeuzevragen met 4 antwoordopties, CITO-stijl. Leg verbanden: wie betaalt (belastingen), wie bestuurt, waarom belangrijk voor samenleving. Algemene instructies: veranker in SLO kerndoelen/inhoudslijn; CITO-stijl meerkeuze (4 opties: 1 correct, 3 plausibele afleiders); mix M/E-niveau binnen groep; noteer per item: vraag, antwoordopties, juiste antwoord, korte feedback/strategie.","10","4","","","M/E mix","","kort"
"6","6MM4","Media en nieuws","E","Kritisch nieuws volgen en beoordelen","Genereer 10 oefeningen voor Groep 6 (eind schooljaar). Kerndoel: O2 (Kerndoel 38: Sociale redzaamheid). Inhoudslijn: Ori?ntatie - Mens en Maatschappij - Mediawijsheid en nieuwsgeletterdheid. Leerdoel (6MM4): Kritisch omgaan met nieuws en media, betrouwbare bronnen herkennen. Niveau: E (eind groep 6). Gebruik voorbeelden van nieuwsbronnen (NOS Jeugdjournaal, kranten, social media). Vraagtypen: Wat is een betrouwbare nieuwsbron?, Wat is het verschil tussen feit en mening?, Hoe herken je nepnieuws (fake news)?, Waarom zijn er verschillende perspectieven?, Wat is de rol van journalisten?, Hoe check je of nieuws klopt?. Format: 10 meerkeuzevragen met 4 antwoordopties, CITO-stijl. Gebruik concrete voorbeelden van nieuwsberichten, fact-checking, bronvermelding. Refereer aan NOS Jeugdjournaal. Algemene instructies: veranker in SLO kerndoelen/inhoudslijn; CITO-stijl meerkeuze (4 opties: 1 correct, 3 plausibele afleiders); mix M/E-niveau binnen groep; noteer per item: vraag, antwoordopties, juiste antwoord, korte feedback/strategie.","10","4","","","M/E mix","","kort"
"7","7MM1","Rechtsstaat","M","Wat is een rechtsstaat en wat betekent dit?","Genereer 10 oefeningen voor Groep 7 (midden schooljaar). Kerndoel: O3 (Kerndoel 39: Politiek-Democratie en rechtsstaat). Inhoudslijn: Ori?ntatie - Mens en Maatschappij - Rechtsstaat, wetten en rechtspraak. Leerdoel (7MM1): Begrijpen wat een rechtsstaat is, waarom dit belangrijk is en wat de kernprincipes zijn (wetgeving, onafhankelijke rechtspraak, iedereen gelijk voor de wet). Niveau: M (midden groep 7). Introductie van rechtsstatelijke principes met Nederlandse voorbeelden. Gebruik concrete situaties en schema's. Context: Nederland is een democratische rechtsstaat. Wetten beschermen iedereen. Niemand staat boven de wet. Rechters zijn onafhankelijk. Bouw voort op kennis over democratie en gemeenteraad uit eerdere groepen. Vraagtypen: Wat is een rechtsstaat? (staat waar iedereen zich aan de wet moet houden, inclusief de regering), Waarom is een rechtsstaat belangrijk? (beschermt rechten van iedereen, voorkomt willekeur, eerlijke behandeling), Wat betekent 'iedereen is gelijk voor de wet'? (rijke en arme mensen, bekende en onbekende mensen worden gelijk behandeld door rechter), Wat doet een rechter? (beslist in conflicten, oordeelt over misdaden, past wetten toe), Waarom moeten rechters onafhankelijk zijn? (niet be?nvloed door politiek of geld, eerlijke uitspraak), Wie maakt de wetten in Nederland? (Tweede Kamer en Eerste Kamer samen met regering), Wat gebeurt er als je de wet overtreedt? (rechter bepaalt straf, politie handhaaft, boete of gevangenis mogelijk), Mag de politie zomaar iemands huis doorzoeken? (nee, alleen met toestemming van rechter/rechter-commissaris), Wat is het verschil tussen een rechtsstaat en een dictatuur? (rechtsstaat: iedereen gebonden aan wet, rechters onafhankelijk; dictatuur: leider staat boven wet, geen onafhankelijke rechtspraak), Waarom mag je in Nederland protesteren? (grondrecht in rechtsstaat, zolang het vreedzaam is), Wat doet een advocaat? (helpt mensen met juridische problemen, verdedigt in rechtszaak), Wat is de rol van de politie in een rechtsstaat? (handhaaft wetten, beschermt burgers, pakt overtreders, maar moet zich ook aan wet houden). Concrete voorbeelden: Rechtsstaat Nederland (Grondwet is basis, Koning ook gebonden aan wet, ministers verantwoording afleggen aan Tweede Kamer), Onafhankelijke rechtspraak (rechters mogen niet be?nvloed worden, rechtbank in elk arrondissement, Hoge Raad hoogste rechter), Gelijkheid voor wet (beroemdheid die misdaad pleegt krijgt ook straf, iedereen heeft recht op advocaat, ook als je arm bent), Wetgeving (wetten tegen diefstal, moord, belastingontduiking; nieuwe wetten door parlement), Rechten in rechtsstaat (recht op eerlijk proces, advocaat, hoger beroep), Politie gebonden aan regels (huiszoeking alleen met toestemming rechter, arrestatie alleen met reden, mensenrechten respecteren), Voorbeelden (iemand wordt beschuldigd van diefstal: onschuldig tot bewezen schuldig, eerlijk proces), Verschil met dictatuur (in Noord-Korea beslist leider alles, geen onafhankelijke rechters; in Nederland beschermt rechtsstaat burgers). Format: 10 meerkeuze vragen met 4 antwoordopties, CITO-stijl met scenario's over rechtspraak en wetgeving. Gebruik herkenbare Nederlandse situaties. Werkvorm: Zelfstandig werken na klassikale uitleg. Mogelijk rechtszaak naspelen in de klas. Materiaal: schema van rechtsstaat (wetgevende macht, uitvoerende macht, rechterlijke macht - trias politica), voorbeelden van rechtszaken (kindvriendelijk), uitleg rechtssysteem Nederland. Benadering: abstracte concepten concreet maken met voorbeelden. Voorbereiding op VO maatschappijleer: basis staatsrecht en trias politica. Algemene instructies: veranker in SLO kerndoelen/inhoudslijn; CITO-stijl meerkeuze (4 opties: 1 correct, 3 plausibele afleiders); mix M/E-niveau binnen groep; noteer per item: vraag, antwoordopties, juiste antwoord, korte feedback/strategie.","10","4","","","M/E mix","","kort"
"7","7MM2","Grondrechten","M","Belangrijke grondrechten kennen","Genereer 10 oefeningen voor Groep 7 (midden schooljaar). Kerndoel: O1 en O3 (Kerndoelen 37 en 39: Identiteit en Politiek-Democratie grondrechten). Inhoudslijn: Ori?ntatie - Mens en Maatschappij - Grondrechten, vrijheden en Grondwet. Leerdoel (7MM2): De belangrijkste grondrechten uit de Nederlandse Grondwet kennen en begrijpen waarom deze belangrijk zijn voor een vrije en rechtvaardige samenleving. Niveau: M (midden groep 7). Introductie van grondrechten met concrete voorbeelden. Gebruik situaties waar grondrechten toepassing vinden. Context: Grondwet is belangrijkste wet van Nederland. Bevat grondrechten die iedereen beschermen. Grondrechten zijn fundamentele rechten van iedere burger. Bouw voort op kennis over rechtsstaat uit 7MM1. Vraagtypen: Wat is de Grondwet? (belangrijkste wet van Nederland, bevat grondrechten en regelt staatsorganisatie), Waarom zijn grondrechten belangrijk? (beschermen vrijheid en rechten van iedereen, beperken macht van overheid), Wat is vrijheid van meningsuiting (Artikel 7)? (je mag zeggen en schrijven wat je denkt, binnen de wet), Waarom is vrijheid van meningsuiting belangrijk? (kritiek kunnen uiten, verschillende meningen, democratie mogelijk), Wat is godsdienstvrijheid (Artikel 6)? (iedereen mag zelf kiezen welk geloof te volgen of geen geloof), Wat betekent discriminatieverbod (Artikel 1)? (iedereen is gelijk, niet discrimineren op ras, geloof, geslacht, seksuele geaardheid, beperking, etc.), Wat is het recht op privacy (Artikel 10 en 13)? (bescherming persoonlijke levenssfeer, brieven/e-mails priv?, huis is priv?), Wat zijn andere belangrijke grondrechten? (stemrecht, verenigingsvrijheid, demonstratievrijheid, recht op onderwijs, eerlijk proces), Mag je alles zeggen door vrijheid van meningsuiting? (nee, niet oproepen tot geweld, niet discrimineren, niet laster en smaad), Waarom beschermt de grondwet minderheden? (voorkomen dat meerderheid minderheid onderdrukt, iedereen gelijke rechten), Wat is het verschil tussen een recht en een plicht? (recht: waar je aanspraak op mag maken, plicht: wat je moet doen), Mogen grondrechten beperkt worden? (ja, maar alleen door wet en met goede reden zoals veiligheid). Concrete voorbeelden: Vrijheid van meningsuiting (demonstreren tegen klimaatverandering toegestaan, blog schrijven met mening, krant publiceert kritiek op regering, maar niet oproepen tot geweld of haat zaaien), Godsdienstvrijheid (moskee, kerk, synagoge, tempel bouwen toegestaan, hoofddoek dragen mag, athe?st zijn mag ook, niemand gedwongen tot geloof), Discriminatieverbod (niet weigeren op huidskleur in restaurant, iedereen mag naar school ongeacht afkomst, mannen en vrouwen gelijk behandelen bij baan, homoseksuelen zelfde rechten), Privacy (politie mag niet zomaar je huis doorzoeken, brieven zijn priv?, recht op bescherming persoonlijke gegevens, Facebook mag niet alles met je data), Stemrecht (vanaf 18 jaar mag je stemmen, democratie mogelijk), Demonstratievrijheid (klimaatmars toegestaan, protesteren mag zolang vreedzaam), Verenigingsvrijheid (voetbalvereniging oprichten, politieke partij starten, vakbond), Recht op onderwijs (ieder kind heeft recht op onderwijs tot 18 jaar, leerplicht), Eerlijk proces (advocaat hebben, onschuldig tot tegendeel bewezen). Format: 10 meerkeuze vragen met 4 antwoordopties, CITO-stijl met scenario's waarin grondrechten toepassing vinden. Gebruik herkenbare Nederlandse voorbeelden. Werkvorm: Zelfstandig werken na klassikale uitleg. Mogelijk debat over grondrechten-dilemma's. Materiaal: vereenvoudigde Grondwet-artikelen (vooral Hoofdstuk 1 Grondrechten Artikelen 1-23), scenario's met grondrechten-afwegingen, actuele voorbeelden uit nieuws. Benadering: maak abstracte rechten concreet met herkenbare situaties. Balans vrijheid en verantwoordelijkheid. Voorbereiding op VO maatschappijleer: grondrechten zijn basis staatsrecht en burgerschapsonderwijs. Algemene instructies: veranker in SLO kerndoelen/inhoudslijn; CITO-stijl meerkeuze (4 opties: 1 correct, 3 plausibele afleiders); mix M/E-niveau binnen groep; noteer per item: vraag, antwoordopties, juiste antwoord, korte feedback/strategie.","10","4","","","M/E mix","","kort"
"7","7MM3","Europese Unie","E","Wat is de EU en wat doet de EU?","Genereer 10 oefeningen voor Groep 7 (eind schooljaar). Kerndoel: O3 en O4 (Kerndoelen 39-40: Politiek-Democratie en internationale samenwerking). Inhoudslijn: Ori?ntatie - Mens en Maatschappij - Europese Unie, internationale politiek en Europese samenwerking. Leerdoel (7MM3): Begrijpen wat de Europese Unie is, welke landen erbij horen, wat de EU doet en waarom Europese samenwerking belangrijk is. Niveau: E (eind groep 7). Introductie van EU met focus op Nederlands lidmaatschap. Gebruik kaarten en actuele voorbeelden. Context: Nederland is sinds 1958 lid van Europese samenwerking (eerst EEG, nu EU). EU is samenwerkingsverband van Europese landen voor vrede, handel en gemeenschappelijke regels. Bouw voort op kennis over Nederlandse democratie uit eerdere groepen. Vraagtypen: Wat is de Europese Unie (EU)? (samenwerkingsverband van Europese landen voor vrede, welvaart en samenwerking), Hoeveel landen zitten er in de EU? (27 lidstaten sinds Brexit in 2020), Kun je enkele EU-lidstaten noemen? (Nederland, Belgi?, Duitsland, Frankrijk, Itali?, Spanje, Polen, etc.), Welke landen gebruiken de euro? (19 van 27 EU-landen, waaronder Nederland, eurozone), Waarom is de EU ontstaan? (na Tweede Wereldoorlog voor vrede, handel, samenwerking, voorkomen nieuwe oorlogen), Wat doet het Europees Parlement? (maakt EU-wetten samen met Raad, vertegenwoordigt burgers, gekozen via verkiezingen), Wat zijn voordelen van de EU voor Nederland? (vrij reizen zonder grenscontrole, handel zonder invoerrechten, samenwerking, euro, gemeenschappelijke regels), Wat is het Schengengebied? (gebied waar je vrij kunt reizen zonder paspoortcontrole tussen landen), Waar is de EU-hoofdstad? (Brussel in Belgi? heeft meeste EU-instellingen, Straatsburg heeft Europees Parlement), Wat zijn EU-wetten? (regels die gelden in alle lidstaten, bijv. over milieu, productveiligheid, consumentenrechten), Waarom zijn niet alle Europese landen lid van de EU? (sommige kiezen ervoor niet, zoals Noorwegen, Zwitserland, Verenigd Koninkrijk stapte uit in Brexit), Wat is Brexit? (Verenigd Koninkrijk verliet EU in 2020 na referendum). Concrete voorbeelden: EU-lidstaten (Nederland, Belgi?, Luxemburg (Benelux samen), Duitsland, Frankrijk, Itali?, Spanje, Griekenland, Polen, Zweden, Finland, etc. - 27 totaal), Euro (gezamenlijke munt sinds 2002 in Nederland, voordeel: geen wisselgeld bij reizen, nadeel: minder eigen controle), Vrij reizen Schengen (vakantie naar Frankrijk zonder paspoortcontrole, studeren in andere EU-land, werken in Duitsland mag), Handel (Nederlandse bloemen verkopen in heel EU zonder invoerrechten, Nederlandse boeren exporteren naar EU), EU-wetten (speelgoed moet veilig zijn, mobiel bellen in EU goedkoper, milieunormen voor auto's), Europees Parlement (Nederlandse MEP's vertegenwoordigen Nederland, verkiezingen om de 5 jaar, burgers stemmen), EU-instellingen (Europese Commissie stelt wetten voor, Raad van EU beslist samen met Parlement, Brussel hoofdkwartier), Voordelen (vrede na eeuwen oorlog, economische samenwerking, gezamenlijk sterker in wereld), Nadelen/kritiek (landen verliezen zelfstandigheid, niet iedereen blij met alle regels, migratie discussies), Brexit (UK verliet EU, complexe scheiding, nadelen voor handel). Format: 10 meerkeuze vragen met 4 antwoordopties, CITO-stijl met vragen over EU-structuur, lidstaten en beleid. Gebruik kaart van Europa met EU-lidstaten. Werkvorm: Zelfstandig werken na klassikale uitleg. Mogelijk EU-project of rollenspel Europees Parlement. Materiaal: kaart van Europa met EU-lidstaten gemarkeerd, eurozone, infographic EU-instellingen, voorbeelden van EU-wetten, foto's van EU-gebouwen Brussel. Benadering: maak EU concreet met herkenbare voorbeelden (reizen, euro, producten). Balans tussen voordelen en kritische vragen. Voorbereiding op VO maatschappijleer en aardrijkskunde: EU is belangrijk onderwerp in beide vakken. Algemene instructies: veranker in SLO kerndoelen/inhoudslijn; CITO-stijl meerkeuze (4 opties: 1 correct, 3 plausibele afleiders); mix M/E-niveau binnen groep; noteer per item: vraag, antwoordopties, juiste antwoord, korte feedback/strategie.","10","4","","","M/E mix","","kort"
"7","7MM4","Duurzaamheid en samenleving","E","Duurzaamheid en verantwoordelijkheid voor de aarde","Genereer 10 oefeningen voor Groep 7 (eind schooljaar). Kerndoel: O2 en O3 (Kerndoelen 38-39: Sociale redzaamheid en burgerschap duurzaamheid). Inhoudslijn: Ori?ntatie - Mens en Maatschappij - Duurzaamheid, klimaatverandering en wereldburgerschap. Leerdoel (7MM4): Begrijpen wat duurzaamheid betekent, welke maatschappelijke verantwoordelijkheid we hebben voor de aarde en hoe je kunt bijdragen aan een duurzamere wereld. Niveau: E (eind groep 7). Maatschappelijk bewustzijn over duurzaamheid met focus op eigen rol. Gebruik actuele klimaatdata en voorbeelden. Context: Klimaatverandering en duurzaamheid zijn actuele wereldwijde vraagstukken. Iedereen heeft verantwoordelijkheid. Nederland loopt voorop in duurzaamheid maar heeft ook uitdagingen. Bouw voort op kennis over milieu en natuur uit natuur-techniek lessen. Vraagtypen: Wat betekent duurzaamheid? (zo leven dat toekomstige generaties ook kunnen leven, balans mens-natuur-economie), Waarom is duurzaamheid belangrijk? (beschermen aarde voor toekomst, klimaatverandering tegengaan, hulpbronnen niet opraken), Wat is klimaatverandering? (aarde wordt warmer door broeikasgassen, vooral CO2 door mens), Wat zijn gevolgen van klimaatverandering? (ijskappen smelten, zeespiegel stijgt, extremer weer, droogte, overstromingen, dieren sterven uit), Hoe draagt Nederland bij aan klimaatverandering? (CO2-uitstoot door industrie, verkeer, landbouw, energieverbruik), Wat doet Nederland aan duurzaamheid? (windmolens, zonnepanelen, Deltawerken, circulaire economie, klimaatakkoord), Wat zijn hernieuwbare energiebronnen? (wind, zon, water, biomassa - energie die niet opraakt), Waarom is afval scheiden belangrijk? (recycling, minder afval verbrand, grondstoffen hergebruiken, minder vervuiling), Wat zijn duurzame keuzes in het dagelijks leven? (minder vlees, fietsen/openbaar vervoer, minder plastic, tweedehands, energiebesparing), Wat is de rol van de overheid bij duurzaamheid? (wetten maken, stimuleren groene energie, klimaatdoelen, beschermen natuur), Wat kun je zelf doen voor duurzaamheid? (bewuste keuzes, minder consumeren, energiebesparen, anderen informeren, demonstreren), Wat zijn de SDG's? (Sustainable Development Goals - 17 VN-doelen voor betere wereld in 2030). Concrete voorbeelden: Klimaatverandering (aarde gemiddeld 1,1?C warmer sinds 1900, hittegolven zomer, smeltende gletsjers, overstromingen), Nederlandse situatie (veel land onder zeespiegel, zeespiegelstijging bedreiging, Deltawerken beschermen, dijken hoger), Hernieuwbare energie (windmolenparken Noordzee, zonnepanelen op daken, biomassa-centrales, waterkracht beperkt in Nederland), Fossiele brandstoffen (steenkool, olie, gas raken op en vervuilen, Groningen gaswinning problemen), Afval en recycling (plastic scheiden voor recycling, GFT voor compost, papier hergebruiken, minder verpakking), Duurzame keuzes (Vegetarische dag (vee-industrie vervuilt), fietsen naar school, licht uitdoen, korter douchen, tweedehands kleding, repareren i.p.v. weggooien), Nederlandse initiatieven (Plastic Whale, Fairphone, Too Good To Go, Seabin), Overheidsbeleid (klimaatakkoord Nederland klimaatneutraal in 2050, verbod plastic tasjes, stimulering elektrische auto's, energielabels), Jongeren en klimaat (Greta Thunberg klimaatactiviste, Youth for Climate protesten, jongeren wereldwijd actief), SDG's (17 doelen: armoede, honger, onderwijs, gelijkheid, schoon water, klimaat, etc. - iedereen kan bijdragen). Format: 10 meerkeuze vragen met 4 antwoordopties, CITO-stijl met vragen over duurzaamheid, klimaat en eigen verantwoordelijkheid. Gebruik actuele voorbeelden en data. Werkvorm: Zelfstandig werken na klassikale uitleg. Mogelijk duurzaamheidsproject of klimaatdebat. Materiaal: klimaatgrafieken, infographics over broeikasgassen en energiebronnen, SDG-poster, voorbeelden duurzame initiatieven, foto's klimaatverandering. Benadering: empowerment en hoop, niet alleen probleem maar ook oplossingen en eigen rol. Balans realisme en optimisme. Voorbereiding op VO: maatschappijleer en aardrijkskunde behandelen klimaat en duurzaamheid. 21e-eeuwse vaardigheden: kritisch denken, maatschappelijke betrokkenheid, wereldburgerschap. Algemene instructies: veranker in SLO kerndoelen/inhoudslijn; CITO-stijl meerkeuze (4 opties: 1 correct, 3 plausibele afleiders); mix M/E-niveau binnen groep; noteer per item: vraag, antwoordopties, juiste antwoord, korte feedback/strategie.","10","4","","","M/E mix","","kort"
"8","8MM1","Politieke partijen","M","Verschillende politieke partijen en standpunten","Genereer 10 oefeningen voor Groep 8 (midden schooljaar). Kerndoel: O3 (Kerndoel 39: Politiek-Democratie politieke partijen en pluriformiteit). Inhoudslijn: Ori?ntatie - Mens en Maatschappij - Politieke partijen, ideologie?n en meerpartijenstelsel op eindniveau basisschool. Leerdoel (8MM1): Begrijpen dat er verschillende politieke partijen zijn met verschillende standpunten, wat links/rechts betekent, en hoe partijen samenwerken in een coalitie. Voorbereiding op CITO eindtoets en VO. Niveau: M (midden groep 8). Introductie van politieke diversiteit en democratische pluriformiteit. Gebruik actuele partijen en standpunten. Context: Nederland heeft meerpartijenstelsel met veel verschillende partijen. Geen enkele partij heeft meerderheid, daarom coalitie nodig. Verschillende visies op maatschappij zijn normaal in democratie. Bouw voort op kennis over Tweede Kamer, democratie, verkiezingen. Vraagtypen: Wat is een politieke partij? (groep mensen met gemeenschappelijke idee?n over hoe Nederland bestuurd moet worden), Waarom zijn er verschillende politieke partijen? (mensen hebben verschillende meningen over wat belangrijk is, democratische keuze), Wat betekent 'links' in de politiek? (meer aandacht voor gelijkheid, sociale zekerheid, klimaat, overheid regelt meer), Wat betekent 'rechts' in de politiek? (meer vrijheid voor individu en bedrijven, minder overheidsremmening, eigenverantwoordelijkheid), Wat zijn belangrijke Nederlandse politieke partijen? (VVD, PVV, CDA, D66, GroenLinks, PvdA, SP, ChristenUnie, etc.), Wat zijn verschillende standpunten van partijen? (migratie: strenger vs opener, klimaat: snel vs geleidelijk, belastingen: hoger/lager, etc.), Wat is een coalitie? (meerdere partijen werken samen om meerderheid te vormen en te regeren), Wat is de oppositie? (partijen die niet meeregeren, controleren regering en komen met alternatieven), Wat is een regeerakkoord? (afspraken tussen coalitie-partijen over beleid voor 4 jaar), Waarom is het goed dat er verschillende partijen zijn? (keuze voor kiezers, verschillende belangen vertegenwoordigd, controle op elkaar), Hoe kom je van zetels tot coalitie? (partij met meeste zetels start formatie, zoekt partners totdat samen meer dan 76 zetels). Concrete voorbeelden: Nederlandse partijen (VVD liberaal-rechts economisch, PVV anti-immigratie rechts, CDA christendemocratisch midden, D66 progressief-liberaal, GroenLinks groen-links, PvdA sociaaldemocratisch, SP socialistisch links, ChristenUnie christelijk-sociaal, PvdD dierenrechten, FvD nationalistisch rechts, DENK multicultureel, Volt pro-Europa, etc.), Links-rechts spectrum (links: meer belastingen voor rijken, meer sociale voorzieningen, snelle klimaatactie, opener migratie; rechts: lagere belastingen, minder overheid, eigen verantwoordelijkheid, strengere immigratie), Standpunten-verschillen (Klimaat: GroenLinks wil kolenstop nu vs VVD geleidelijk; Migratie: PVV wil grenzen dicht vs DENK meer opvang; Onderwijs: SP gratis studeren vs VVD studiefinanciering; Economie: D66 innovatie vs SP bescherming werknemers), Coalitie-vorming (VVD+D66+CDA+ChristenUnie was Rutte-III kabinet 2017-2021 met samen meer dan 76 zetels), Oppositie (PVV, GroenLinks, SP, FvD controleren kabinet, stellen vragen, dienen moties in), Formatie (na verkiezingen: informateur onderzoekt mogelijkheden, formateur vormt kabinet, kan maanden duren), Regeerakkoord (coalitie maakt afspraken: klimaatdoelen, zorgbudget, defensie-uitgaven, belastingen - compromis tussen partijen). Format: 10 meerkeuze vragen met 4 antwoordopties, CITO-stijl met vragen over partijen, standpunten en coalitievorming. Gebruik actuele politieke voorbeelden maar zonder partijdig te zijn. Werkvorm: Zelfstandig werken, CITO-voorbereiding. Mogelijk debat of schoolverkiezingen. Materiaal: overzicht Nederlandse politieke partijen met logo's, links-rechts spectrum diagram, voorbeeld regeerakkoord, uitleg zetelverdeling en coalitie, actuele Tweede Kamer samenstelling. Benadering: neutraal en objectief, laat zien dat verschillende meningen normaal zijn in democratie, focus op proces niet op 'juiste' standpunt. Voorbereiding op VO maatschappijleer: politieke partijen en ideologie?n zijn belangrijk onderwerp. Burgerschapsonderwijs: respecteren van politieke diversiteit, kritisch nadenken over eigen standpunten. Algemene instructies: veranker in SLO kerndoelen/inhoudslijn; CITO-stijl meerkeuze (4 opties: 1 correct, 3 plausibele afleiders); mix M/E-niveau binnen groep; noteer per item: vraag, antwoordopties, juiste antwoord, korte feedback/strategie.","10","4","","","M/E mix","","kort"
"8","8MM2","Verkiezingen","M","Hoe werken verkiezingen in Nederland?","Genereer 10 oefeningen voor Groep 8 (midden schooljaar). Kerndoel: O3 (Kerndoel 39: Politiek-Democratie verkiezingen en stemrecht). Inhoudslijn: Ori?ntatie - Mens en Maatschappij - Verkiezingsproces, stemrecht en democratische participatie op eindniveau basisschool. Leerdoel (8MM2): Begrijpen hoe verkiezingen in Nederland werken, waarom stemmen belangrijk is en hoe het verkiezingsproces verloopt van campagne tot zetelverdeling. Voorbereiding op CITO eindtoets en VO. Niveau: M (midden groep 8). Praktische kennis van verkiezingsproces met focus op democratische participatie. Gebruik actuele verkiezingsvoorbeelden. Context: Nederland is parlementaire democratie waar burgers hun vertegenwoordigers kiezen. Verkiezingen zijn hart van democratie. Tweede Kamerverkiezingen om de 4 jaar, gemeenteraad ook om de 4 jaar. Bouw voort op kennis over democratie, Tweede Kamer, partijen. Vraagtypen: Vanaf welke leeftijd mag je stemmen in Nederland? (18 jaar voor alle verkiezingen), Welke verkiezingen zijn er in Nederland? (Tweede Kamer, gemeenteraad, Provinciale Staten, Europees Parlement, waterschap), Hoe vaak zijn er Tweede Kamerverkiezingen? (elke 4 jaar, of eerder bij val kabinet), Waarom is stemmen belangrijk? (democratisch recht, invloed op wie bestuurt, laten horen wat je vindt), Wat is een verkiezingscampagne? (partijen proberen kiezers te overtuigen met programma, debatten, posters), Hoe werkt het stemmen? (stembiljet invullen, stemhokje priv?, stembus, tellen), Hoe worden zetels verdeeld? (evenredige vertegenwoordiging: percentage stemmen = percentage zetels, kiesdeler), Wat is een kiesdrempel? (partij moet minimaal ??n zetel halen, aantal stemmen gedeeld door 150 zetels), Wat gebeurt er na de verkiezingen? (uitslag, formatie begint, coalitie vormen, kabinet), Waarom is geheim stemmen belangrijk? (vrije keuze, geen druk, niemand hoeft te weten), Wat is het verschil tussen actief en passief kiesrecht? (actief: zelf stemmen, passief: gekozen worden), Mag je ook niet stemmen? (ja, stemmen is recht niet plicht in Nederland, maar wel belangrijk voor democratie). Concrete voorbeelden: Stemrecht (18 jaar vanaf dag voor verkiezingen, Nederlandse nationaliteit, ingeschreven in gemeente), Verkiezingen (Tweede Kamer maart 2021 had 17 miljoen kiesgerechtigden, opkomst ongeveer 80%, gemeenteraad elke 4 jaar), Campagne (verkiezingsdebatten op TV, verkiezingsprogramma's, posters in straat, social media campagnes, lijsttrekkers bezoeken steden), Stemproces (stembureau in school/gemeentehuis, stembiljet met alle partijen, rood potlood, stemhokje priv?, stembus, tellen 's avonds), Zetelverdeling (VVD 21% stemmen = ongeveer 32 zetels van 150, kleinere partij 2% = 3 zetels, evenredige vertegenwoordiging), Kiesdeler (totaal stemmen gedeeld door 150 = aantal stemmen voor 1 zetel, ongeveer 70.000 stemmen per zetel), Uitslag (verkiezingsavond uitslag bekend, grootste partij begint formatie, coalitie vormen duurt weken/maanden), Nederlandse bijzonderheden (geen kiesdrempel zoals Duitsland 5%, vanaf 1 zetel in Kamer, veel kleine partijen mogelijk), Stemgeheim (niemand mag zien wat je stemt, vrije keuze, no druk van werkgever/familie), Campagne-regels (geen campagne op stemdag zelf, gelijke kansen op TV, financiering geregeld). Format: 10 meerkeuze vragen met 4 antwoordopties, CITO-stijl met vragen over verkiezingsproces en democratische procedureregels. Gebruik recente verkiezingsvoorbeelden. Werkvorm: Zelfstandig werken, CITO-voorbereiding. Mogelijk schoolverkiezingen organiseren of stembureau bezoeken. Materiaal: voorbeeld stembiljet, uitleg zetelverdeling met rekensommen, verkiezingsuitslag recente verkiezingen, foto's van stembureaus, campagnemateriaal. Benadering: maak abstract proces concreet met voorbeelden, motiveer belang van stemmen voor jongeren. Voorbereiding op VO maatschappijleer: verkiezingen zijn kernonderwerp burgerschapsonderwijs. Democratische vorming: begrijpen hoe je invloed hebt op politiek, belang participatie. Algemene instructies: veranker in SLO kerndoelen/inhoudslijn; CITO-stijl meerkeuze (4 opties: 1 correct, 3 plausibele afleiders); mix M/E-niveau binnen groep; noteer per item: vraag, antwoordopties, juiste antwoord, korte feedback/strategie.","10","4","","","M/E mix","","kort"
"8","8MM3","Wereldburgerschap","E","Wereldburgerschap en mondiale vraagstukken","Genereer 10 oefeningen voor Groep 8 (eind schooljaar). Kerndoel: O1, O2 en O3 (Kerndoelen 37-39: Identiteit, sociale redzaamheid en wereldburgerschap). Inhoudslijn: Ori?ntatie - Mens en Maatschappij - Wereldburgerschap, mondiale vraagstukken en internationale samenwerking op eindniveau basisschool. Leerdoel (8MM3): Begrijpen wat wereldburgerschap betekent, wat belangrijke mondiale vraagstukken zijn (armoede, ongelijkheid, mensenrechten) en hoe internationale samenwerking werkt (VN, SDG's). Voorbereiding op CITO eindtoets en VO. Niveau: E (eind groep 8). Wereldburgerschap en kritisch denken over mondiale problemen. Gebruik actuele voorbeelden en data. Context: Wereld is verbonden, problemen in ??n land raken anderen ook. Nederland is klein land in grote wereld, internationale samenwerking nodig. Bouw voort op kennis over EU uit Groep 7. Vraagtypen: Wat is een wereldburger? (je bent burger van je land, maar ook deel van mondiale gemeenschap, verbonden met hele wereld), Wat zijn mondiale vraagstukken? (problemen die hele wereld aangaan: klimaat, armoede, oorlog, ongelijkheid, pandemie?n), Wat is de VN (Verenigde Naties)? (wereldorganisatie van 193 landen voor vrede en samenwerking, opgericht na WO2 in 1945), Wat doet de VN? (vredesmissies, hulp bij conflicten, mensenrechten, ontwikkelingssamenwerking, klimaatoverleg), Wat zijn mensenrechten? (fundamentele rechten voor iedereen wereldwijd: leven, vrijheid, geen slavernij, onderwijs, etc.), Worden mensenrechten overal gerespecteerd? (nee, in veel landen schending: dictaturen, kinderarbeid, geen vrijheid, discriminatie), Wat is armoede? (te weinig geld/middelen voor basisbehoeften als eten, water, ondak, gezondheidszorg), Hoeveel mensen leven in armoede? (ongeveer 700 miljoen mensen in extreme armoede, vooral Afrika en Azi?), Wat is ongelijkheid wereldwijd? (grote verschillen tussen rijk en arm, landen en binnen landen, kansen en welvaart ongelijk verdeeld), Wat zijn de SDG's? (Sustainable Development Goals: 17 VN-doelen voor 2030 voor betere wereld), Wat is ontwikkelingssamenwerking? (rijke landen helpen arme landen met geld, kennis, projecten), Hoe draagt Nederland bij aan mondiale vraagstukken? (ontwikkelingshulp, klimaatbeleid, VN-lid, internationaal recht, Haags Vredespaleis). Concrete voorbeelden: VN (193 lidstaten, hoofdkwartier New York, Veiligheidsraad 15 leden, Algemene Vergadering alle landen, secretaris-generaal leidt VN), Mensenrechten (Universele Verklaring Rechten van de Mens 1948, vrijheid van meningsuiting, geen marteling, recht op onderwijs, gelijkheid man-vrouw, kinderrechten), Schending mensenrechten (China Oeigoeren, Myanmar Rohingya, Noord-Korea geen vrijheid, kinderarbeid textielindustrie Bangladesh, moderne slavernij), Armoede (Sub-Sahara Afrika hoogste armoede, mensen leven van <$2 per dag, gebrek aan schoon water, honger, geen onderwijs), Ongelijkheid (rijkste 1% heeft veel meer dan armste 50%, binnen landen ook groot verschil, kansen afhankelijk van geboorteplaats), SDG's (17 doelen: 1. Geen armoede, 2. Geen honger, 3. Goede gezondheid, 4. Kwaliteitsonderwijs, 5. Gendergelijkheid, 13. Klimaatactie, etc. - voor betere wereld in 2030), Ontwikkelingshulp (Nederlandse projecten schoon water Afrika, onderwijs voor meisjes, gezondheidszorg, fair trade koffieboeren), Conflicten (oorlog Syri? vluchtelingen, conflict Isra?l-Palestina, VN-vredesmissies blauwhelmen), Klimaat als mondiaal vraagstuk (opwarming raakt hele wereld, lage landen zoals Bangladesh bedreigd zeespiegelstijging, internationale afspraken Parijs-akkoord), Fair trade (eerlijke prijs voor boeren ontwikkelingslanden, Max Havelaar keurmerk, duurzame handel), Nederlandse rol (Internationaal Strafhof Den Haag, ontwikkelingshulp 0,7% BNP doel, Rode Kruis, VN-lid, kinderrechten-verdrag). Format: 10 meerkeuze vragen met 4 antwoordopties, CITO-stijl met vragen over wereldburgerschap en mondiale vraagstukken. Gebruik concrete voorbeelden en actuele situaties. Werkvorm: Zelfstandig werken, CITO-voorbereiding. Mogelijk projecten over SDG's of mondiale vraagstukken. Materiaal: wereldkaart met rijke/arme landen, SDG-poster, infographics over armoede en ongelijkheid, VN-uitleg, voorbeelden ontwikkelingsprojecten. Benadering: wereldwijd denken, empathie voor anderen, positieve voorbeelden van verandering, jongeren kunnen verschil maken. Voorbereiding op VO maatschappijleer en aardrijkskunde: mondiale vraagstukken centraal thema. 21e-eeuwse vaardigheden: wereldburgerschap, interculturele competentie, sociale betrokkenheid, kritisch denken over globalisering. Algemene instructies: veranker in SLO kerndoelen/inhoudslijn; CITO-stijl meerkeuze (4 opties: 1 correct, 3 plausibele afleiders); mix M/E-niveau binnen groep; noteer per item: vraag, antwoordopties, juiste antwoord, korte feedback/strategie.","10","4","","","M/E mix","","kort"
"8","8MM4","Maatschappelijke participatie","E","Actief deelnemen aan de samenleving","Genereer 10 oefeningen voor Groep 8 (eind schooljaar). Kerndoel: O2 en O3 (Kerndoelen 38-39: Sociale redzaamheid en actief burgerschap). Inhoudslijn: Ori?ntatie - Mens en Maatschappij - Actief burgerschap, maatschappelijke participatie en betrokkenheid op eindniveau basisschool. Leerdoel (8MM4): Begrijpen wat actief burgerschap betekent, hoe je kunt deelnemen aan de samenleving en waarom maatschappelijke betrokkenheid belangrijk is. Voorbereiding op CITO eindtoets en VO. Niveau: E (eind groep 8). Burgerschapsvorming met nadruk op eigen rol en verantwoordelijkheid. Gebruik concrete participatievoorbeelden. Context: Democratie werkt alleen als burgers actief meedoen. Participatie gaat verder dan stemmen: vrijwilligerswerk, je mening geven, bijdragen aan gemeenschap. Voorbereiding op rol als actieve burger in VO en later. Bouw voort op kennis over democratie, rechten en plichten. Vraagtypen: Wat is actief burgerschap? (actief meedoen in samenleving, verantwoordelijkheid nemen, bijdragen aan gemeenschap), Waarom is maatschappelijke participatie belangrijk? (samenleving verbeteren, democratie levendig houden, samen sterker, problemen oplossen), Wat is vrijwilligerswerk? (onbetaald werk voor goede doel, helpen zonder geld te verdienen), Wat zijn voorbeelden van vrijwilligerswerk? (sportvereniging helpen, voedselbank, natuurbeheer, ouderen bezoeken, Rode Kruis), Wat is een burgerinitiatief? (groep burgers start actie om probleem op te lossen of verandering te bewerkstelligen), Hoe kun je meedoen aan beslissingen in je buurt/gemeente? (inspreken gemeenteraad, meedoen buurtoverleg, petitie starten, idee?n indienen), Wat betekent 'erbij horen'? (deel zijn van gemeenschap, meedoen, connecties met anderen, bijdragen), Wat kun je doen als je iets oneerlijk vindt in de samenleving? (petitie starten, brief schrijven, demonstreren, burgerinitiatief, contact met gemeenteraad/Tweede Kamerlid), Wat zijn jouw verantwoordelijkheden als burger? (regels naleven, respectvol met anderen, opkomen voor waarden, stemmen later, bijdragen waar mogelijk), Hoe kun je op school al oefenen met participatie? (leerlingenraad, voorstellen doen, meedenken over schoolregels, activiteiten organiseren), Wat is het verschil tussen individueel en collectief handelen? (individueel: alleen actie, collectief: samen met anderen sterker), Waarom is diversiteit belangrijk bij participatie? (verschillende stemmen, perspectieven, iedereen telt mee, betere besluiten). Concrete voorbeelden: Vrijwilligerswerk (jeugdtrainer voetbalclub, Rode Kruis EHBO, voedselbank uitdelen, zwerfafval opruimen met buurt, voorlezen bibliotheek, mantelzorg voor familie), Burgerinitiatief (buurtbewoners starten petitie voor veilige oversteekplaats school - 500 handtekeningen gemeente, actievoeren behoud speeltuin, buurtmoestuin oprichten samen), Inspraak (kinderen meedenken nieuw schoolplein ontwerp, jongeren adviesraad gemeente, online platform idee?n indienen), Demonstreren (klimaatmars jongeren, demonstratie voor veilige fietspaden, Marsen voor vrede, binnen wettelijke kaders), Leerlingenraad (meepraten schoolregels, idee?n voor activiteiten, contact tussen leerlingen en directie), Petities (online petitie meer groen in wijk, handtekeningen behoud zwembad, petitierecht vanaf 1000 handtekeningen naar gemeenteraad), Maatschappelijke organisaties (Unicef kinderrechten, Greenpeace milieu, Amnesty mensenrechten, UNICEF Kinderrechten Filmfestival), Nederlandse voorbeelden (Jeugd & Politiek jongeren aan het woord, Kinderburgemeester in gemeenten, Nationaal Jeugddebat, jongerenparlement), Sociaal ondernemerschap (leerlingen starten repair caf?, plasticvrije schoolkantine actie, bewustwordingscampagnes), Burgerschapswaarden (respect, vrijheid, gelijkheid, solidariteit, verdraagzaamheid - actief uitdragen). Format: 10 meerkeuze vragen met 4 antwoordopties, CITO-stijl met vragen over actief burgerschap en participatie. Gebruik herkenbare voorbeelden voor jongeren. Werkvorm: Zelfstandig werken, CITO-voorbereiding. Mogelijk participatieproject in de klas of school. Materiaal: voorbeelden van burgerinitiatieven, uitleg vrijwilligersorganisaties, stappenplan petitie starten, info leerlingenraad, burgerschapswaarden poster. Benadering: empowerment, jongeren kunnen verschil maken, kleine acties tellen, samen bereik je meer. Inspirerende voorbeelden van jongeren die impact maakten. Voorbereiding op VO maatschappijleer: actief burgerschap is kernthema. 21e-eeuwse vaardigheden: samenwerking, initiatief, maatschappelijke betrokkenheid, democratische participatie, kritisch denken, probleemoplossend vermogen. Afsluiting basisonderwijs: voorbereiden op rol als actieve, betrokken burger in samenleving. Algemene instructies: veranker in SLO kerndoelen/inhoudslijn; CITO-stijl meerkeuze (4 opties: 1 correct, 3 plausibele afleiders); mix M/E-niveau binnen groep; noteer per item: vraag, antwoordopties, juiste antwoord, korte feedback/strategie.","10","4","","","M/E mix","","kort"
